{
	"name": "C++",
	"build": {
		"dockerfile": "Dockerfile"
	},
	"runArgs": ["--cap-add=SYS_PTRACE", "--security-opt", "seccomp=unconfined"],

	// Configure tool-specific properties.
	"customizations": {
        "vscode": {
            "settings": {
                "terminal.integrated.shell.linux": "/bin/bash",
                "C_Cpp.intelliSenseEngine": "default",
                "C_Cpp.default.cppStandard": "c++20"
            },
            "extensions": [
                "ms-vscode.cpptools", // C++ tools for VS Code
                "ms-vscode.cmake-tools", // CMake support (if you need it)
                "ms-vscode.cpptools-extension-pack" // Additional C++ features
            ]
        }
	},

	// Use 'forwardPorts' to make a list of ports inside the container available locally.
	// "forwardPorts": [],

	// Use 'postCreateCommand' to run commands after the container is created.
	"postCreateCommand": "g++-13 -v",

	// Comment out to connect as root instead. More info: https://aka.ms/vscode-remote/containers/non-root.
	"remoteUser": "vscode"
}
